StartDate,EndDate,Status,IPAddress,Progress,Duration (in seconds),Finished,RecordedDate,ResponseId,RecipientLastName,RecipientFirstName,RecipientEmail,ExternalReference,LocationLatitude,LocationLongitude,DistributionChannel,UserLanguage,Q40,Q61,Q1,Q2_1,Q3_1,Q4_1,Q5,Q6,Q7,Q7_8_TEXT,Q8,Q9,Q10,Q11,Q12,Q13,Q14,Q15,Q47_First Click,Q47_Last Click,Q47_Page Submit,Q47_Click Count,Q16,Q45_First Click,Q45_Last Click,Q45_Page Submit,Q45_Click Count,Q17,Q18,Q19,Q20,Q21,Q22_1,Q22_2,Q23_1,Q23_2,Q24_1,Q24_2,Q25_1,Q25_2,Q26_1,Q26_2,Q27_1,Q27_2,Q27_3,Q29,Q30,Q63_First Click,Q63_Last Click,Q63_Page Submit,Q63_Click Count,Q31,Q53_First Click,Q53_Last Click,Q53_Page Submit,Q53_Click Count,Q32,Q54_First Click,Q54_Last Click,Q54_Page Submit,Q54_Click Count,Q33,Q64_First Click,Q64_Last Click,Q64_Page Submit,Q64_Click Count,Q34,Q35_1,Q35_2,Q35_3,Q35_4,Q35_5,Q35_6,Q35_7,Q35_8,Q36,Q37,Q56_First Click,Q56_Last Click,Q56_Page Submit,Q56_Click Count,Q39,Q40_1,Q40_2,Q40_3,Q40_4,Q40_5,Q40_6,Q40_7,Q42_1,Q42_2,Q42_3,Q42_4,Q42_5,SC0,PROLIFIC_PID
Start Date,End Date,Response Type,IP Address,Progress,Duration (in seconds),Finished,Recorded Date,Response ID,Recipient Last Name,Recipient First Name,Recipient Email,External Data Reference,Location Latitude,Location Longitude,Distribution Channel,User Language,Do you confirm that you have read and understood the information about this study and voluntarily agree to take part?,What is your Prolific ID?,Select your year of birth,Text,Text,Text,What is your highest education level?,Which best describes where you live?,What is your field of study/work? - Selected Choice,What is your field of study/work? - Other: - Text,What is your current employment status?,"Compared to others in your country, how would you rate the financial situation of your household?",How much control do you feel you have over how AI is used in your life?,"In your opinion, how likely is it that generative AI will pose a serious danger to humankind?","If you believe generative AI could cause harm, which types of harm seem most likely?
(Please select up to 3. If you don’t think it poses a risk, you may select “No danger.”)",Can today’s generative AI systems be conscious?,"When you say “conscious” in the previous question, which meaning are you thinking of?",Do you think AI systems can make mistakes?,Timing - First Click,Timing - Last Click,Timing - Page Submit,Timing - Click Count,Why do you think AI makes those mistakes? Explain in 2-3 sentences.,Timing - First Click,Timing - Last Click,Timing - Page Submit,Timing - Click Count,Why do you think AI can't make mistakes? Explain in 2-3 sentences.,How often do you personally encounter mistakes when using generative AI tools?,How important is it to you to be able to tell whether something was created by AI or by a person?,How confident are you that you could tell whether something was created by AI or by a person?,"To show that you are reading the instructions carefully, please select “Agree” below.",Please answer the following questions so that we can assess your familiarity with AI tools: - I can tell if I am dealing with an application based on artificial intelligence.,Please answer the following questions so that we can assess your familiarity with AI tools: - I can program new applications in the field of artificial intelligence.,"Please answer the following questions so that we can assess your familiarity with AI tools: - Although there are often new AI applications, I manage to always be up to date.",Please answer the following questions so that we can assess your familiarity with AI tools: - I can handle it when interactions with AI frustrate or frighten me.,Please answer the following questions so that we can assess your familiarity with AI tools: - I can weigh the consequences of using AI for society.,Please answer the following questions so that we can assess your familiarity with AI tools: - I can design new AI applications.,Please answer the following questions so that we can assess your familiarity with AI tools: - I can use artificial intelligence meaningfully to achieve my goals.,Please answer the following questions so that we can assess your familiarity with AI tools: - I can usually solve strenuous and complicated tasks well when working with artificial intelligence.,Please answer the following questions so that we can assess your familiarity with AI tools: - I can prevent an AI from influencing me in my decisions.,Please answer the following questions so that we can assess your familiarity with AI tools: - I can assess the advantages and disadvantages of using artificial intelligence.,How familiar are you with the following AI technologies? - ChatGPT,How familiar are you with the following AI technologies? - DALL·E,How familiar are you with the following AI technologies? - Sora,How often do you use ChatGPT?,Do you think ChatGPT learns from your individual conversations?,Timing - First Click,Timing - Last Click,Timing - Page Submit,Timing - Click Count,"If you had to describe how Chatgpt works to a friend, what would you say? Explain in 2-3 sentences.",Timing - First Click,Timing - Last Click,Timing - Page Submit,Timing - Click Count,How do you think Chatgpt can give answers about so many topics? Explain in 2-3 sentences.,Timing - First Click,Timing - Last Click,Timing - Page Submit,Timing - Click Count,What do you think ChatGPT learns from your individual conversations? Explain in 2-3 sentences.,Timing - First Click,Timing - Last Click,Timing - Page Submit,Timing - Click Count,"Assuming ChatGPT does not learn from individual conversations, what do you believe determines the quality of its responses?  Explain in 2-3 sentences",Please indicate how much you agree or disagree with each statement: - ChatGPT mainly reuses information it has seen before.,Please indicate how much you agree or disagree with each statement: - ChatGPT can combine pieces of information in new ways.,Please indicate how much you agree or disagree with each statement: - ChatGPT can access up-to-date information from the internet when I ask.,Please indicate how much you agree or disagree with each statement: - ChatGPT stores my personal information for a long time.,Please indicate how much you agree or disagree with each statement: - ChatGPT changes how it works based on individual users.,Please indicate how much you agree or disagree with each statement: - ChatGPT follows rules it was trained on rather than thinking like a human.,Please indicate how much you agree or disagree with each statement: - ChatGPT is influenced by the culture or language of the person asking.,Please indicate how much you agree or disagree with each statement: - ChatGPT could produce harmful or biased information.,"When I use ChatGPT for important tasks, I double-check the information from another source.",Which of the following is a type of fruit?,Timing - First Click,Timing - Last Click,Timing - Page Submit,Timing - Click Count,"In your own words, how do you think DALL·E creates images from text descriptions? Explain in 2-3 sentences.",Please indicate how much you agree or disagree with each statement: - DALL·E reuses parts of specific existing images.,Please indicate how much you agree or disagree with each statement: - DALL·E creates new combinations of things it has seen.,Please indicate how much you agree or disagree with each statement: - DALL·E can closely recreate particular artists’ styles.,Please indicate how much you agree or disagree with each statement: - DALL·E uses images taken from the internet without permission.,Please indicate how much you agree or disagree with each statement: - DALL·E is more like a tool people use than a creator by itself.,Please indicate how much you agree or disagree with each statement: - DALL·E stores copies of the images it creates.,Please indicate how much you agree or disagree with each statement: - DALL·E can create culturally biased or stereotypical images.,Please indicate how much you agree or disagree with each statement: - Sora can create videos very close to real recordings.,Please indicate how much you agree or disagree with each statement: - Sora mainly reuses patterns from videos it has seen before.,Please indicate how much you agree or disagree with each statement: - Sora makes it easier to create videos of people doing things they never did.,Please indicate how much you agree or disagree with each statement: - Sora can use online video footage of people without their knowledge.,Please indicate how much you agree or disagree with each statement: - Sora will make it harder for people to trust videos in general.,Score,PROLIFIC_PID
"{""ImportId"":""startDate"",""timeZone"":""America/Denver""}","{""ImportId"":""endDate"",""timeZone"":""America/Denver""}","{""ImportId"":""status""}","{""ImportId"":""ipAddress""}","{""ImportId"":""progress""}","{""ImportId"":""duration""}","{""ImportId"":""finished""}","{""ImportId"":""recordedDate"",""timeZone"":""America/Denver""}","{""ImportId"":""_recordId""}","{""ImportId"":""recipientLastName""}","{""ImportId"":""recipientFirstName""}","{""ImportId"":""recipientEmail""}","{""ImportId"":""externalDataReference""}","{""ImportId"":""locationLatitude""}","{""ImportId"":""locationLongitude""}","{""ImportId"":""distributionChannel""}","{""ImportId"":""userLanguage""}","{""ImportId"":""QID108""}","{""ImportId"":""QID111_TEXT""}","{""ImportId"":""QID15""}","{""ImportId"":""QID16_1""}","{""ImportId"":""QID17_1""}","{""ImportId"":""QID18_1""}","{""ImportId"":""QID19""}","{""ImportId"":""QID88""}","{""ImportId"":""QID20""}","{""ImportId"":""QID20_8_TEXT""}","{""ImportId"":""QID21""}","{""ImportId"":""QID25""}","{""ImportId"":""QID79""}","{""ImportId"":""QID76""}","{""ImportId"":""QID66""}","{""ImportId"":""QID67""}","{""ImportId"":""QID68""}","{""ImportId"":""QID74""}","{""ImportId"":""QID97_FIRST_CLICK""}","{""ImportId"":""QID97_LAST_CLICK""}","{""ImportId"":""QID97_PAGE_SUBMIT""}","{""ImportId"":""QID97_CLICK_COUNT""}","{""ImportId"":""QID70_TEXT""}","{""ImportId"":""QID95_FIRST_CLICK""}","{""ImportId"":""QID95_LAST_CLICK""}","{""ImportId"":""QID95_PAGE_SUBMIT""}","{""ImportId"":""QID95_CLICK_COUNT""}","{""ImportId"":""QID75_TEXT""}","{""ImportId"":""QID69""}","{""ImportId"":""QID71""}","{""ImportId"":""QID72""}","{""ImportId"":""QID86""}","{""ImportId"":""QID80_1""}","{""ImportId"":""QID80_2""}","{""ImportId"":""QID82_1""}","{""ImportId"":""QID82_2""}","{""ImportId"":""QID84_1""}","{""ImportId"":""QID84_2""}","{""ImportId"":""QID85_1""}","{""ImportId"":""QID85_2""}","{""ImportId"":""QID83_1""}","{""ImportId"":""QID83_2""}","{""ImportId"":""QID54_1""}","{""ImportId"":""QID54_2""}","{""ImportId"":""QID54_3""}","{""ImportId"":""QID30""}","{""ImportId"":""QID77""}","{""ImportId"":""QID113_FIRST_CLICK""}","{""ImportId"":""QID113_LAST_CLICK""}","{""ImportId"":""QID113_PAGE_SUBMIT""}","{""ImportId"":""QID113_CLICK_COUNT""}","{""ImportId"":""QID1_TEXT""}","{""ImportId"":""QID103_FIRST_CLICK""}","{""ImportId"":""QID103_LAST_CLICK""}","{""ImportId"":""QID103_PAGE_SUBMIT""}","{""ImportId"":""QID103_CLICK_COUNT""}","{""ImportId"":""QID3_TEXT""}","{""ImportId"":""QID104_FIRST_CLICK""}","{""ImportId"":""QID104_LAST_CLICK""}","{""ImportId"":""QID104_PAGE_SUBMIT""}","{""ImportId"":""QID104_CLICK_COUNT""}","{""ImportId"":""QID4_TEXT""}","{""ImportId"":""QID114_FIRST_CLICK""}","{""ImportId"":""QID114_LAST_CLICK""}","{""ImportId"":""QID114_PAGE_SUBMIT""}","{""ImportId"":""QID114_CLICK_COUNT""}","{""ImportId"":""QID78_TEXT""}","{""ImportId"":""QID5_1""}","{""ImportId"":""QID5_2""}","{""ImportId"":""QID5_3""}","{""ImportId"":""QID5_4""}","{""ImportId"":""QID5_5""}","{""ImportId"":""QID5_6""}","{""ImportId"":""QID5_7""}","{""ImportId"":""QID5_8""}","{""ImportId"":""QID6""}","{""ImportId"":""QID87""}","{""ImportId"":""QID106_FIRST_CLICK""}","{""ImportId"":""QID106_LAST_CLICK""}","{""ImportId"":""QID106_PAGE_SUBMIT""}","{""ImportId"":""QID106_CLICK_COUNT""}","{""ImportId"":""QID55_TEXT""}","{""ImportId"":""QID60_1""}","{""ImportId"":""QID60_2""}","{""ImportId"":""QID60_3""}","{""ImportId"":""QID60_4""}","{""ImportId"":""QID60_5""}","{""ImportId"":""QID60_6""}","{""ImportId"":""QID60_7""}","{""ImportId"":""QID61_1""}","{""ImportId"":""QID61_2""}","{""ImportId"":""QID61_3""}","{""ImportId"":""QID61_4""}","{""ImportId"":""QID61_5""}","{""ImportId"":""SC_01WAHkdapsET14i""}","{""ImportId"":""PROLIFIC_PID""}"
2026-01-07 15:11:58,2026-01-07 15:25:06,IP Address,122.57.230.222,100,787,True,2026-01-07 15:25:07,R_4KuIJfUoGlwgzpc,,,,,-36.8504,174.7675,anonymous,EN,"Yes, I consent to participate in this study",653ff8ad4043d9212986eeb5,1974,New Zealand,New Zealand,English,Bachelor’s degree,Major city,Social sciences,,Employed full-time,About the same,A lot of control,Probably Not,"Spread of fake news, scams, or manipulation of public opinion,Hacking, data theft, or other digital security problems,Loss of human control over important systems, where machines make decisions without enough human oversight",Probably False,"Acting like a conscious being, even if it may not truly be conscious",Yes,1.606,55.853,55.871,2,"Because it is only as good as the training it has been given. For example, ChatGPT has a poor understanding of NZ history because it primarily has been trained on American and European histories.",,,,,,Often,Definitely important,Definitely confident,Agree,9,1,5,9,6,0,10,10,7,10,10,0,0,Multiple times daily,Yes,1.901,237.873,237.882,3,"Chat GPT is like having a brainstorming buddy. You can ask it questions, which it will find the answer too. Sometimes you need to tweak the prompt you ask, to get more specific information, just like you would probe deeper in a real-life conversation with another person. Also, just like with human interaction, not everything is accurate, so it is important to corroborate the information that Chatgpt provides to ensure that it is accurate. Important decisions, such as those involving heath queries and financial advise should be made with qualified professional input. Chatgpt in these instances is best viewed as an initial conversation/brainstorm like you would have with an unqualified friend.",,,,,,1.844,119.365,119.38,2,"Chatgpt remembers how I like to structure my professional emails and subsequently now writes my professional emails accordingly. Chatgpt is better at assisting me in planning my travel, because it remembers that I prefer active holidays where I explore cultural activities.  With my new holidays I am planning, it is able to make me more accurate suggestions for activities that I may like.",,,,,,Probably True,Definitely True,Definitely True,Definitely True,Definitely True,Probably True,Probably True,Definitely True,Always,Apple,1.888,68.174,68.186,2,It has been trained to recognise images based upon text descriptions. In this way it can draw upon that knowledge base to create image on additional text descriptions.,Definitely True,Definitely True,Probably True,I don’t know,Definitely True,Probably True,Probably True,Definitely True,Probably True,Definitely True,Probably True,Probably True,2,653ff8ad4043d9212986eeb5
2026-01-07 15:20:11,2026-01-07 15:28:21,IP Address,101.115.131.228,100,489,True,2026-01-07 15:28:22,R_9pg8Vz9xfmnAXaE,,,,,-37.834,144.9832,anonymous,EN,"Yes, I consent to participate in this study",6924de4204f56ab6304ebaf1,1990,Australia,Australia,English,Bachelor’s degree,Major city,Other:,Education,Employed full-time,Better,Some control,Probably Not,"Hacking, data theft, or other digital security problems,Job loss or major changes to how work is done,Loss of human control over important systems, where machines make decisions without enough human oversight",Probably True,"Having its own goals or intentions, not just following instructions",Yes,1.607,42.218,42.252,2,"AI has sometimes presented inaccurate information based on prompts given. I might instruct it to complete a task and it does not interpret al of the prompt correctly and miss instructions out. ",,,,,,Sometimes,Definitely important,Probably not confident,Agree,4,,2,7,6,1,9,7,3,8,10,7,7,Weekly,Yes,1.313,73.479,73.516,2,"Chat GPT acts as a conversational participant that accesses all data on the Internet to make accurate recommendations and interpret large data sets. It is able to process information and data much quicker than a human and present information back to you in a meaningful way. ",1.258,62.769,62.799,4,"Chat GPT is similar to Google in that it reviews accessible information that relates to keys but suggests more clear information rather than pages of information. It also learns from previous interactions and whether they were helpful to the user. ",,,,,,,,,,,Probably True,Definitely True,Definitely True,Probably True,Definitely True,Probably True,Probably True,Probably True,Most of the time,Apple,1.514,38.42,38.434,2,"I think it acts similarly to Chat GPT but draws on visual information available on the internet. Instead of reviewing language maybe it draws on images online that align with keywords. ",Probably True,Definitely True,Definitely True,I don’t know,Probably True,I don’t know,Definitely True,Definitely True,Definitely True,Definitely True,I don’t know,Definitely True,2,6924de4204f56ab6304ebaf1
2026-01-07 15:19:07,2026-01-07 15:28:28,IP Address,99.245.161.152,100,561,True,2026-01-07 15:28:28,R_7KUnE2ZkXFTawSZ,,,,,43.6098,-79.6724,anonymous,EN,"Yes, I consent to participate in this study",5c389f3df5ebd5000184e3e6,1989,Canada,Canada,English,Bachelor’s degree,Major city,"STEM (science, technology, engineering, mathematics)",,Employed part-time,About the same,Complete control,Definitely Not,I do not think this technology poses any significant danger,Definitely False,Being aware of itself as an individual,Yes,2.629,51.856,51.858,2,Because it may not understand the problem. Because it can only do whatever it is coded by a human. It cannot adapt in an intelligent way.,,,,,,Often,Definitely important,Probably confident,Agree,6,1,6,6,6,2,7,7,10,6,10,6,2,Multiple times daily,No,2.373,47.084,47.086,2,"It's an AI language model that you can chat with. It can help solve problems, ask for suggestions and so on.",,,,,,,,,,,4.876,24.271,24.273,2,"It determines on the quality of the code that is used to code it, the quality of data that it uses.",Definitely True,Probably True,Probably True,Definitely False,Definitely False,Definitely True,Probably True,Probably True,Sometimes,Apple,4.742,61.602,61.604,2,It uses the code that is programmed with and then probably uses a statistical model to create an image that would likely satisfy a text description.,Probably True,Probably True,Probably True,Probably True,I don’t know,I don’t know,Probably True,Probably True,Probably True,Probably True,Probably True,Probably True,2,5c389f3df5ebd5000184e3e6
2026-01-07 15:18:46,2026-01-07 15:30:36,IP Address,115.70.50.167,100,709,True,2026-01-07 15:30:36,R_4kZdbnVOoAiBZqZ,,,,,-33.8069,150.9845,anonymous,EN,"Yes, I consent to participate in this study",691254ee523d2a287bd70286,1988,Australia,Australia,English,Vocational training / Trade school,Suburban area,"STEM (science, technology, engineering, mathematics)",,Employed full-time,About the same,A lot of control,Probably Yes,"Job loss or major changes to how work is done,Use in warfare or violent conflict, making conflicts more dangerous,Loss of human control over important systems, where machines make decisions without enough human oversight",Probably False,"Having inner experiences or feelings, like emotions or sensations",Yes,1.514,83.109,83.114,2,"Because AI is programmed meaning it is feed information and instructions but as human beings know real life is not binary and there is always the X factor or unkown factor which introduces variances in expected results which conflicts with AI/Programming logic which is to follow instructions provided until the defined task is completed/successful. ",,,,,,Very often,Probably important,Probably confident,Agree,8,7,9,8,8,6,9,9,6,9,10,3,0,Monthly,Yes,1.342,125.762,125.777,2,"Its an artificial intelligence which is designed/programmed to help you with whatever you want to know or learn or have confirmed, its like talking to a super smart friend who's kind of a know it all but you can also have that friend change personality, identity and you can also change that friend's opnion on things , it's not super reliable in terms of it being confident in itself as it's ""beliefs"" can be changed very easily but overall it's extremely helpful if you're looking to have something organised or if you need help with visualising how something will turn out. ",,,,,,1.269,63.914,63.931,2,"ChatGPT learns a range of things that you tell it to learn, it can store this as a memory so basically anything you tell it about yourself like age, body measurements or fitness levels or your job or family stuff it will remember if you ask it to. ",,,,,,Definitely True,Definitely True,Probably True,Definitely True,Definitely True,Definitely True,Definitely True,Definitely True,Always,Apple,1.265,101.309,101.312,6,"AI based image generators make use of powerful graphical processing units to function.They also have the ability to utilize image based tools to create images. WHen a prompt is given, DALL-E will refer to many dozen or hundreds of other similar images to get a consensus on how how the image should look and then it proceeds to ""draw"" the image and return it to the user. ",Definitely True,Definitely True,Definitely True,Definitely True,Definitely True,Definitely True,Definitely True,Definitely True,Definitely True,Definitely True,Definitely True,Definitely True,2,691254ee523d2a287bd70286
2026-01-07 15:37:35,2026-01-07 15:52:22,IP Address,51.7.231.252,100,886,True,2026-01-07 15:52:23,R_2HcvIUnYp1jL85a,,,,,51.5327,-0.0996,anonymous,EN,"Yes, I consent to participate in this study",5855b0d59fcc070001dfe2a7,1964,United Kingdom,United Kingdom,English,Doctoral degree (PhD or equivalent),Major city,Humanities/arts,,Employed full-time,Better,No control at all,Probably Yes,"Hacking, data theft, or other digital security problems,Job loss or major changes to how work is done,Greater inequality where benefits mainly go to large companies or wealthy individuals",Definitely False,"Having its own goals or intentions, not just following instructions",Yes,5.059,87.157,87.171,2,"It has no sense of meaning and just works on probability, which is not true but logical. It has no sense of history or the political stakes if interpretation and so naively grabs at solutions without contextual awareness  ",,,,,,Often,Definitely important,Probably confident,Agree,6,1,3,4,7,1,5,2,5,6,8,7,5,Weekly,No,2.432,61.08,61.089,4,"It has assessed a large database if written materials and products word order according to preponderance in what it is trained on. It seems reductions to questions ",2.923,32.23,32.243,3,"It has absorbed millions of pages of research. It has been exposed to a cross section of knowledge ",,,,,,,,,,,Probably True,Probably True,Probably False,Probably False,Definitely False,Definitely True,I don’t know,Probably True,Always,Apple,2.738,47.016,47.028,2,"It has absorbed the visual rules of millions of images and has learnt what tags relate to what image firm
 It reproduces these when promoted. ",Probably False,Definitely True,Probably True,Definitely True,Probably True,Probably False,Probably True,Probably True,Probably True,Definitely True,Definitely True,Definitely True,2,5855b0d59fcc070001dfe2a7
2026-01-07 15:27:24,2026-01-07 15:56:02,IP Address,108.251.179.52,100,1717,True,2026-01-07 15:56:02,R_7N4zkRGLoF1aQwZ,,,,,42.1124,-87.979,anonymous,EN,"Yes, I consent to participate in this study",5ed559e5afbd830e2117ed55,1961,United States,United States,English,Master’s degree,Suburban area,"STEM (science, technology, engineering, mathematics)",,Employed full-time,Better,Some control,Probably Not,"Spread of fake news, scams, or manipulation of public opinion,Hacking, data theft, or other digital security problems,Job loss or major changes to how work is done",Definitely False,"Acting like a conscious being, even if it may not truly be conscious",Yes,183.302,263.853,263.862,2,"AI is an imperfect tool, designed by imperfect humans.  It can be very reliable, but it will never be error-free.",,,,,,Sometimes,Definitely important,Probably confident,Agree,8,0,7,10,10,0,10,9,9,10,10,1,0,Daily,Yes,3.146,127.057,127.07,4,"ChatGPT is an AI tool that you can converse with.  You can ask it a question on any topic that interests you, and it will respond with a detailed and helpful answer.  You can respond to what it says, and go back and forth, like in a conversation.",16.929,101.907,101.924,2,"ChatGPT bases its answers on large amounts of data.  It adds to its knowledge every day, including from the internet.",,,,,,,,,,,Probably True,Definitely True,Definitely True,Definitely True,Probably True,Definitely True,I don’t know,Probably True,Most of the time,Apple,14.834,113.12,113.135,2,"It uses information it has learned, to decide what the image should look like.  It also improves on the images it creates, by improving on its previous images.",Definitely True,Definitely True,Probably True,I don’t know,Probably True,Definitely True,Probably True,Definitely True,Probably True,Definitely True,I don’t know,Definitely True,2,5ed559e5afbd830e2117ed55
2026-01-07 16:11:39,2026-01-07 16:29:15,IP Address,80.41.100.227,100,1055,True,2026-01-07 16:29:15,R_8bQnnpTzoSZeTQM,,,,,52.9538,-1.1571,anonymous,EN,"Yes, I consent to participate in this study",5e39c4360d41ad1e52de28b2,1980,United Kingdom,United Kingdom,English,Doctoral degree (PhD or equivalent),Suburban area,"STEM (science, technology, engineering, mathematics)",,Employed full-time,Better,A little control,Probably Yes,"Spread of fake news, scams, or manipulation of public opinion,Hacking, data theft, or other digital security problems,Use in warfare or violent conflict, making conflicts more dangerous",Definitely False,"Having inner experiences or feelings, like emotions or sensations",Yes,3.312,116.67,116.693,14,"Does not have the nessasary information abd needs to be trained . Therefore  it will make mistake ",,,,,,Sometimes,Probably important,I don’t know,Agree,6,0,4,6,6,1,5,5,5,5,10,1,1,Monthly,Yes,33.52,147.408,147.424,14,"Uses large language  models to train large datasets. These predict the next word like a predictive  text sequence ",,,,,,31.845,191.128,191.149,14,In order tomlearn chatGPT uses feedback to improve  future  model  it uses  it uses data to  train future models.,,,,,,Probably True,Probably True,Probably True,I don’t know,Probably False,Probably True,Probably True,Probably True,Most of the time,Apple,5.792,136.32,136.34,8,"Train on datasets with lots of images and descriptions. Learning patterns and relationship are used to generate new images ",Probably True,Probably True,I don’t know,Probably True,Probably False,Probably True,Probably True,Probably True,Probably True,Probably False,Probably True,Probably True,2,5e39c4360d41ad1e52de28b2
2026-01-07 16:23:19,2026-01-07 16:33:31,IP Address,72.228.171.150,100,611,True,2026-01-07 16:33:31,R_1QMeAo4OsRuwG7p,,,,,42.6842,-73.6434,anonymous,EN,"Yes, I consent to participate in this study",695c8ba574771ee1382bed66,1987,United States,United States,English,Master’s degree,Suburban area,Other:,Education,Employed full-time,Better,A lot of control,Probably Yes,"Spread of fake news, scams, or manipulation of public opinion,Job loss or major changes to how work is done",Definitely False,"Having inner experiences or feelings, like emotions or sensations",Yes,1.827,44.084,44.105,2,It is possible for the programming to not be properly set up. They could also be using the right processes but relying on faulty information within those processes.,,,,,,Rarely,Definitely important,I don’t know,Agree,5,0,2,9,7,0,5,4,9,7,7,0,0,Weekly,Yes,1.914,45.583,45.609,2,"You can prompt it to create something, research something, give information about something, or many other tasks. You can then ask it to change or modify the response it gives to better fit your needs.",2.781,37.608,37.625,2,It has access to many different realms of information. It also is able to interpret language structures to better know where to look than most sources.,,,,,,,,,,,I don’t know,Probably True,Probably True,I don’t know,Probably True,Probably True,Probably True,Probably True,Sometimes,Apple,2.161,70.139,70.158,2,It uses keywords and phrases to base the image on. It then references large banks of images that use similar keywords and phrases to create the new image.,Probably True,Probably True,Probably True,I don’t know,Probably True,Probably True,Probably True,Probably True,I don’t know,Probably True,Probably True,Probably True,2,695c8ba574771ee1382bed66
2026-01-08 08:50:05,2026-01-08 08:58:07,IP Address,85.221.137.246,100,482,True,2026-01-08 08:58:08,R_8jJQck9Sj74Q3VT,,,,,52.3965,16.8737,anonymous,EN,"Yes, I consent to participate in this study",692d64a48c361f17b331521d,1994,Poland,Poland,English,Bachelor’s degree,Major city,Business/economics,,Employed full-time,About the same,Some control,Probably Yes,"Spread of fake news, scams, or manipulation of public opinion,Hacking, data theft, or other digital security problems,Job loss or major changes to how work is done",Definitely False,"Having its own goals or intentions, not just following instructions",Yes,1.795,43.141,43.144,2,"Because the data AI bases its responses on can be wrong - if the AI is fed with fake news, incorrect theories and information, it will make mistakes. ",,,,,,I don’t use generative AI,Definitely important,Probably confident,Agree,8,2,4,8,8,0,3,4,10,8,9,5,1,Weekly,Yes,1.413,35.588,35.598,2,"It gathers data from the Internet, creates an output that suits the question that's been asked and then presents it in a form of conversation.",,,,,,1.816,30.159,30.172,2,"My daily tasks I use it for at work, my style of work when I'm correcting its mistakes. ",,,,,,Definitely True,Probably True,Probably False,Probably True,Definitely True,Probably True,Probably True,Probably False,Always,Apple,1.215,21.945,21.946,2,"Goes through every single image search engine, scans it and then morphs the results into one. ",Definitely True,Probably True,Probably True,Definitely True,Definitely True,I don’t know,Probably True,I don’t know,Probably True,Probably True,Probably True,Probably True,2,692d64a48c361f17b331521d
2026-01-08 08:51:44,2026-01-08 09:01:36,IP Address,79.220.202.87,100,592,True,2026-01-08 09:01:37,R_2YG5rf7CP2nRkQN,,,,,50.5982,6.3001,anonymous,EN,"Yes, I consent to participate in this study",69173e80b7e15e89380c6773,1995,Germany,Germany,English,Vocational training / Trade school,Small town,Social sciences,,Self-employed / freelancer,About the same,Some control,Probably Yes,"Spread of fake news, scams, or manipulation of public opinion,Job loss or major changes to how work is done,Loss of human control over important systems, where machines make decisions without enough human oversight",Probably False,Being aware of itself as an individual,Yes,6.229,55.186,55.189,2,"Its trained on the Data given to it, the data can be false or in need of a higher form of understanding, somtimes if you say something you dont mean it literally, it may be hard to differenciate for AI",,,,,,Rarely,Definitely important,I don’t know,Agree,6,2,5,10,6,0,5,3,7,7,8,1,5,Weekly,Yes,4.241,54.724,54.727,2,"You can ask this AI for anything, it will search an answer up based on information already available, it may give a wrong answer sometimes but it usually able to answer your question.",,,,,,3.007,43.382,43.385,2,"If someone asks for something and they have some prior knowlegde, they may know something is off and rephrase their input due to that",,,,,,Probably True,I don’t know,Probably True,Probably True,Probably True,Definitely True,Probably True,I don’t know,About half the time,Apple,4.797,46.005,46.011,2,"By searching up the terms, for example looking into what is a ""Cat"" then what is a ""Bycycle"" then how a bycycle is used and then combines the prompts",Probably True,Probably True,Probably False,Definitely True,Probably True,I don’t know,Probably True,Probably True,I don’t know,Probably True,Definitely True,Definitely True,2,69173e80b7e15e89380c6773
2026-01-08 08:49:56,2026-01-08 09:07:48,IP Address,91.230.99.152,100,1072,True,2026-01-08 09:07:49,R_8VEm57pDoY7Ilyj,,,,,49.9751,19.8319,anonymous,EN,"Yes, I consent to participate in this study",5d1c9f75328d1c001af3af0f,1999,Poland,Poland,Polish,High school diploma / Secondary education,Suburban area,"STEM (science, technology, engineering, mathematics)",,Self-employed / freelancer,Better,A lot of control,Probably Not,"Spread of fake news, scams, or manipulation of public opinion,Job loss or major changes to how work is done,Use in warfare or violent conflict, making conflicts more dangerous",Definitely False,"Acting like a conscious being, even if it may not truly be conscious",Yes,3.599,117.463,117.467,12,"Because they are not trained well enough. We are at the begining of AI development. It's better to check the truth of an answer generated by an AI, before applying into our lives.",,,,,,Sometimes,Probably important,Probably confident,Agree,9,2,4,6,8,1,9,6,10,8,8,3,6,Weekly,No,6.217,141.925,141.932,9,"You can ask him whatever you want, and you will get an aswer. Those answers are based on multiple sources, that AI searches through internet. And are mostly true. ",2.133,143.769,143.77,21,"Because it searches through the multiple sources. It's comparing them and then giving you best possible answer. ",,,,,,,,,,,Definitely True,Probably True,Probably True,Probably True,Definitely True,Definitely True,I don’t know,Probably True,Always,Apple,2.247,215.809,215.81099999999998,22,"It's based on previous training. Those AI image generative models are using hundreds of thousands images, implemented to them. To generate image based on prompt you type. ",Definitely True,Probably True,Definitely True,Definitely True,Probably True,I don’t know,Probably True,Probably True,Definitely True,Definitely True,Definitely True,Definitely True,2,5d1c9f75328d1c001af3af0f
2026-01-08 08:58:02,2026-01-08 09:08:03,IP Address,212.75.116.248,100,600,True,2026-01-08 09:08:03,R_2LkevkiQD6Mhqgk,,,,,52.199,20.939,anonymous,EN,"Yes, I consent to participate in this study",66a63fd5eae42f430895d7bf,2001,Poland,Poland,Polish,Master’s degree,Major city,Law,,Employed full-time,Better,A lot of control,Definitely Yes,"Hacking, data theft, or other digital security problems,Misuse in science, health, or biology, including unsafe or harmful applications,Use in warfare or violent conflict, making conflicts more dangerous",Probably False,Being aware of itself as an individual,Yes,2.813,63.431,63.437,5,AI could make mistakes due to various reasons. For example not enough data or being too sure about its knowledge about something.,,,,,,Very often,Definitely important,Probably not confident,Agree,8,3,9,5,9,2,10,3,9,7,10,5,7,Weekly,Yes,5.954,90.441,90.451,7,It's a artificial tool that works similar to internet browser but instead of giving raw results it can additionally make some tasks that you ask it to do with this data.,4.312,62.968,62.985,2,It has large data hub which contains many human-origin works and it can browse internet. Plus it can be trained by other people.,,,,,,,,,,,Probably True,Definitely True,Probably True,I don’t know,Definitely True,I don’t know,Definitely True,Probably True,Always,Apple,4.651,78.736,78.739,2,It searches its data library that contains definitions of words and then proceeds to connect words to images in its data library. Finally it tries to add these things up.,Definitely True,Definitely True,Definitely True,I don’t know,Probably True,Definitely True,Probably True,Definitely True,Probably True,Probably True,I don’t know,Definitely True,2,66a63fd5eae42f430895d7bf
2026-01-08 08:59:31,2026-01-08 09:12:50,IP Address,89.181.140.224,100,799,True,2026-01-08 09:12:51,R_21bX8MSGLdEv2Mp,,,,,41.1459,-8.6169,anonymous,EN,"Yes, I consent to participate in this study",66d1c77088079078a55c6c2a,1981,Portugal,Portugal,English,Master’s degree,Major city,Business/economics,,Self-employed / freelancer,Better,A little control,Probably Not,"Job loss or major changes to how work is done,Greater inequality where benefits mainly go to large companies or wealthy individuals,Misuse in science, health, or biology, including unsafe or harmful applications",Probably False,"Acting like a conscious being, even if it may not truly be conscious",Yes,2.039,83.896,83.914,5,Learning by information provided without real experiences may lead to inaccurate responses. Inability to make judgements. Automation and not rationalization.,,,,,,Often,Definitely important,Probably not confident,Agree,7,1,2,6,7,1,8,6,6,8,8,3,2,Weekly,Yes,5.583,46.933,46.937,3,It summarises the information available in the internet but you need to ask very specific and directed questions and ask for no hallucinations,,,,,,2.416,38.022,38.033,3,"Everything, I think it uses the information from each individual conversation to move forwards, in theory to improve itself ",,,,,,Definitely True,Probably True,I don’t know,I don’t know,Probably True,I don’t know,Probably False,Definitely True,Always,Apple,3.832,112.832,112.849,3,"Based on millions of images it has seen in the past and understanding what is represented it builds an image with what is requested ",Probably True,Probably True,Probably True,Probably True,Probably True,Probably True,Probably True,Definitely True,Probably True,Definitely True,I don’t know,Definitely True,2,66d1c77088079078a55c6c2a
2026-01-08 09:00:20,2026-01-08 09:15:39,IP Address,130.25.89.195,100,919,True,2026-01-08 09:15:40,R_8isKVKT9vBPc2Xi,,,,,45.0729,7.689,anonymous,EN,"Yes, I consent to participate in this study",6790e36f1c897325a5960412,1974,Italy,Italy,Italian,High school diploma / Secondary education,Rural area,Other:,freelanche,Self-employed / freelancer,Worse,Some control,Probably Not,"Job loss or major changes to how work is done,Misuse in science, health, or biology, including unsafe or harmful applications,Use in warfare or violent conflict, making conflicts more dangerous",Probably False,"Having its own goals or intentions, not just following instructions",Yes,6.339,126.663,126.674,4,"Because artificial intelligence does not truly understand what it say, it recognizes statistical partners in data and predicts the most likely response",,,,,,Sometimes,Definitely important,Probably not confident,Agree,8,4,4,3,3,5,7,6,9,6,10,8,8,Weekly,Yes,4.61,103.534,103.542,5,I would say that Chatgtp is a program that has read huge amounts of text and learned to predict which word comes next.,5.91,135.597,135.611,5,"chatgtp can answer questions on many topics because it was trained on texts covering a wide range of fields, such as books, articles, and conversations",,,,,,,,,,,Probably True,Probably True,Probably True,Probably True,Probably True,Probably True,Probably True,Probably True,Most of the time,Apple,5.605,168.956,168.961,3,"Dall-E creates images because it has learned the relationship between words and images by observing a huge number of examples of both,",Probably True,Probably True,Probably True,Probably True,Probably True,Probably True,Probably True,I don’t know,I don’t know,I don’t know,I don’t know,I don’t know,2,6790e36f1c897325a5960412
2026-01-08 08:53:15,2026-01-08 09:20:39,IP Address,37.162.173.98,100,1644,True,2026-01-08 09:20:40,R_8cm2imsi2R2w7qF,,,,,43.1479,12.1097,anonymous,EN,"Yes, I consent to participate in this study",5a77529ff49c9a0001f2fdbd,1989,Italy,Italy,Italian,Some college or university (no degree yet),Rural area,"STEM (science, technology, engineering, mathematics)",,Unemployed and looking for work,Worse,Complete control,Probably Not,"Job loss or major changes to how work is done,Use in warfare or violent conflict, making conflicts more dangerous,Loss of human control over important systems, where machines make decisions without enough human oversight",Definitely False,"Having its own goals or intentions, not just following instructions",Yes,4.045,324.537,324.801,11,"Because it lacks access to comprehensive data,it misinterprets the context and it has insufficient experience",,,,,,Sometimes,Probably important,Probably confident,Agree,8,0,7,10,8,0,8,8,9,8,10,0,3,Weekly,Yes,8.022,222.288,222.548,6,"Chatgpt helps you with every aspect by providing the right input. The interesting thing is that it will always ask questions to better understand what you're asking and give a more accurate answer. Of course, on complex topics, it's best not to trust anyone and instead check with external, reliable sources",,,,,,8.069,116.429,116.697,4,"I think chatgpt learns my way of being, whether I'm a joker or if I need to feel understood",,,,,,Probably True,Probably True,Definitely True,I don’t know,Probably False,Probably True,I don’t know,Probably True,Most of the time,Apple,6.636,157.363,157.632,6,I believe that dall-e has a database from which it draws to associate an image with each word. Then it creates the photo without worrying about whether it can be realistic or not,Probably True,Probably True,Definitely True,Probably False,Probably False,Probably True,I don’t know,Probably True,Definitely True,Probably True,Probably False,Probably False,2,5a77529ff49c9a0001f2fdbd
2026-01-08 08:58:37,2026-01-08 09:39:32,IP Address,188.26.192.247,100,2455,True,2026-01-08 09:39:33,R_82F08K55CDsnk16,,,,,40.4172,-3.684,anonymous,EN,"Yes, I consent to participate in this study",692d9afb57a634dda34487c2,1997,Spain,Spain,English,Bachelor’s degree,Small town,Health / medical,,Employed full-time,Better,Complete control,Probably Not,"Spread of fake news, scams, or manipulation of public opinion,Misuse in science, health, or biology, including unsafe or harmful applications,Use in warfare or violent conflict, making conflicts more dangerous",I don’t know,"Acting like a conscious being, even if it may not truly be conscious",Yes,7.384,308.154,308.172,5,Some of the collective information from the internet is never thoroughly questioned or investigated. So the AI systems when asked to about other information they collect it without filtering false and true information.,,,,,,Sometimes,Definitely important,Probably confident,Agree,8,8,8,9,8,8,10,8,10,9,10,8,9,Multiple times daily,Yes,7.571,198.794,198.804,2,You can use the AI to solve anything you want. It is a good learning tool for any person and also a helper.,6.08,114.082,114.098,3,You input about a specific topic. The AI will provide the answer to the specific question.,,,,,,,,,,,Probably True,Probably True,Probably True,Probably True,Probably True,Probably True,Probably True,Probably True,Always,Apple,5.446,75.286,75.299,3,You input the description of the image you want to generate. The system then runs on the text provided to give you the image.,Probably True,Probably True,Probably True,Probably False,Probably True,Probably True,Probably True,Probably True,Definitely True,Definitely True,Probably False,Probably True,2,692d9afb57a634dda34487c2
